{
    "list_scenes" : 
    [
        {
            "scene": "https://www.youtube.com/watch?v=QCbLIEE0WoE"
        },
        
        {
            "scene": "https://www.youtube.com/watch?v=h74AXqw4Opc"
        },
		
		{
            "scene": "https://www.youtube.com/watch?v=1Ie2qmAOc6Q"
        },
        
		{
            "scene": "https://www.youtube.com/watch?v=tDQtOiIy7k8"
        },
		
		{
            "scene": "https://www.youtube.com/watch?v=Dls7rAzXvwo"
        },
		
		{
            "scene": "https://www.youtube.com/watch?v=AlVW8P5WiCY"
        }
		
    ]
}